,date,text,username,day_of_week,hour,safe,time_bin,label
0,2020-03-23 13:57:44-04:00,"Omg @Instacart - y‚Äôall better not mess this up. I needed groceries yesterday, not next week. Fingers crossed y‚Äôall @Wegmans ‚Äì at Prospect Park",JordanGazay,Monday,13,,2020-03-23 13:50:00,
1,2020-03-23 14:10:14-04:00,"ùêêùêîùêÑùêíùêìùêàùêéùêç | Are you moving for thirty minutes every day? Even if it‚Äôs as simple as going for a walk around your neighborhood to get some fresh air, I can‚Äôt recommend doing this enough for your physical and‚Ä¶ https://www.instagram.com/p/B-FfC_0n1lq/?igshid=ylf7xrxe4746",lifenleggings,Monday,14,0.0,2020-03-23 14:05:00,1.0
2,2020-03-23 15:03:32-04:00,"#newnormal Day 8 Oh dayum, did Governor #andrewcuomo just yell at me?? That‚Äôs Prospect Park, MY park! I live just a few doors down from that building and I‚Äôve been in that park everyday‚Ä¶ https://www.instagram.com/p/B-FlJUBJ1UkEH9fhp2vorMV6knvVNkO_oDm10Y0/?igshid=zkwcvphxmu9l",miles_randy,Monday,15,,2020-03-23 14:50:00,
3,2020-03-23 18:14:17-04:00,#isolation #prospectpark #prospectparkalliance #nature #spring #brooklyn #newyorkcity #portrait #andrewbwhite #sonya7iii #jupiter37a135mm #adaptedlens #manualfocus #nycphotographer @nycprimeshot prospectpark @‚Ä¶ https://www.instagram.com/p/B-F6-a_JvCe/?igshid=1f3a8h2a3oq9j,andrewbwhite1,Monday,18,,2020-03-23 18:05:00,
4,2020-03-23 18:15:25-04:00,#isolation #prospectpark #fishing #prospectparkalliance #nature #spring #brooklyn #newyorkcity #portrait #andrewbwhite #sonya7iii #jupiter37a135mm #adaptedlens #manualfocus #nycphotographer @nycprimeshot‚Ä¶ https://www.instagram.com/p/B-F7Gr7pUmx/?igshid=11x5o1duppyv1,andrewbwhite1,Monday,18,,2020-03-23 18:05:00,
5,2020-03-23 18:17:12-04:00,#isolation #prospectpark #prospectparkalliance #nature #spring #brooklyn #newyorkcity #portrait #andrewbwhite #sonya7iii #pentax50mmf12 #adaptedlens #manualfocus #nycphotographer @nycprimeshot prospectpark @‚Ä¶ https://www.instagram.com/p/B-F7T5sJnxY/?igshid=1xsxbnzclhyqp,andrewbwhite1,Monday,18,,2020-03-23 18:05:00,
6,2020-03-24 08:43:00-04:00, 50 Copies of A GOOD MARRIAGE are up for grabs on Goodsreads right now! (closes March 27th; link in bio) And entering is an EXCELLENT quarantine distraction! So glad to hear you were a winner last time‚Ä¶ https://www.instagram.com/p/B-HeZAuACQj/?igshid=lp1p30klaof,kimmccreight,Tuesday,8,,2020-03-24 08:35:00,
7,2020-03-24 10:33:51-04:00,I see you #Letsgrowtogether ‚Äì at Prospect Park - Parkside,daniel_mcknight,Tuesday,10,,2020-03-24 10:20:00,
8,2020-03-24 13:30:53-04:00,e v e r y t h i n g. w a s. b l u e. @Prospect Park - East Drive https://www.instagram.com/p/B-H_Vwwlc62/?igshid=1o8ztbdxidtow,malward314,Tuesday,13,,2020-03-24 13:20:00,
9,2020-03-24 13:59:44-04:00,lunch break with ‚Äì at Prospect Park,harharbinks,Tuesday,13,,2020-03-24 13:50:00,
10,2020-03-24 16:38:26-04:00,Tough to cash out when it was so far down from 900+. I did similar. Stings but so much uncertainty right now. Appreciate your honesty.,fatespeakstruth,Tuesday,16,,2020-03-24 16:35:00,
11,2020-03-24 18:27:50-04:00,#geese #canadageese #prospectpark #prospectparkalliance #nature #spring #brooklyn #newyorkcity #portrait #andrewbwhite #sonya7iii #pentax50mmf12 #adaptedlens #manualfocus #nycphotographer @nycprimeshot prospect @‚Ä¶ https://www.instagram.com/p/B-IhUd_pZze/?igshid=1oo34wevx0xph,andrewbwhite1,Tuesday,18,,2020-03-24 18:20:00,
12,2020-03-24 18:31:18-04:00,#ducks #prospectpark #prospectparkalliance #nature #spring #brooklyn #newyorkcity #portrait #andrewbwhite #sonya7iii #pentax50mmf12 #adaptedlens #manualfocus #nycphotographer @nycprimeshot prospect @Prospect Park https://www.instagram.com/p/B-Iht-vJPT6/?igshid=iaxyabhoxaho,andrewbwhite1,Tuesday,18,,2020-03-24 18:20:00,
13,2020-03-24 18:38:43-04:00,Is spring coming soon?. . #chihuahualove #prospectpark @Prospect Park https://www.instagram.com/p/B-Iikekg79v/?igshid=7yp45d0mrirx,leaminami,Tuesday,18,,2020-03-24 18:35:00,
14,2020-03-24 18:42:28-04:00,Can someone ID this #duck #prospectpark #prospectparkalliance #nature #spring #brooklyn #newyorkcity #portrait #andrewbwhite #sonya7iii #pentax50mmf12 #adaptedlens #manualfocus #nycphotographer @nycprimeshot‚Ä¶ https://www.instagram.com/p/B-Ii_q8piFq/?igshid=1x4dljvznmzaz,andrewbwhite1,Tuesday,18,,2020-03-24 18:35:00,
15,2020-03-24 21:53:49-04:00,Pork katsu on deck and I‚Äôm beginning to question how bad quarantine actually is. #cookingwithjohn #alonetogether #fuckthatsdelicious johnnymac15 @Park Slope Historic District https://www.instagram.com/p/B-I45RZD-Bw/?igshid=1gbedx7trbhpk,armadillofancyp,Tuesday,21,,2020-03-24 21:50:00,
16,2020-03-24 23:13:53-04:00,Did you #goskate on #sunday #sundayfunday #skate #skating #inlineskating #rollerblading #nycskate #icapture_michael_grebinsky #takinoskates #bonesbearings #mpc #mpcwheels #canariam #empireskate‚Ä¶ https://www.instagram.com/p/B-JBDWRpkNS/?igshid=1gz1t2ij36mvn,Mgrebinsky,Tuesday,23,,2020-03-24 23:05:00,
17,2020-03-25 11:38:12-04:00, @Prospect Park https://www.instagram.com/p/B-KXPMQg4nOIxwloXKJaQK_BlBCiZ6YjmuKs9M0/?igshid=koslo235aemf,scout_weird,Wednesday,11,,2020-03-25 11:35:00,
18,2020-03-25 11:41:14-04:00,"Eu sei que muitos j√° respostaram o poema da americana Kitty O'Meara, mas a mensagem √© t√£o calmante que vale compartilhar mais uma vez aqui E as pessoas ficaram em casa. E leram livros, ouviram, descansaram, se‚Ä¶ https://www.instagram.com/p/B-KXlh_AJWz/?igshid=14otzpgvm0vne",pequenoviajante,Wednesday,11,0.0,2020-03-25 11:35:00,1.0
19,2020-03-25 13:18:54-04:00,the fact that people are still in prospect park is crazy ‚Äì at Prospect Park,LittyLeek,Wednesday,13,,2020-03-25 13:05:00,
20,2020-03-25 14:10:44-04:00,A fitting James Baldwin quote in Prospect Park this morning ‚Äì at Prospect Park,tminsberg,Wednesday,14,1.0,2020-03-25 14:05:00,0.0
21,2020-03-25 15:38:52-04:00,Social distancing day! Great day to get fresh air and not have to worry about being too close! @Prospect Park https://www.instagram.com/p/B-KyqTfDZUu/?igshid=qf684wmq4mlu,parkslope5thave,Wednesday,15,1.0,2020-03-25 15:35:00,0.0
22,2020-03-25 18:17:28-04:00,With NY on lockdown minus some yard time to exercise all of Brooklyn is my park. ‚Äì at Prospect Park,Oldmanriverwalk,Wednesday,18,,2020-03-25 18:05:00,
23,2020-03-25 20:54:26-04:00,#SocialDistancing in Brooklyn,mannysister,Wednesday,20,,2020-03-25 20:50:00,
24,2020-03-25 22:40:49-04:00,Don‚Äôt you think my shadow is even cuter?. . #chihuahua #prospectpark @Prospect Park https://www.instagram.com/p/B-LjEiUAHzC/?igshid=16oeezanxooid,leaminami,Wednesday,22,,2020-03-25 22:35:00,
25,2020-03-26 02:46:50-04:00,Did you #goskate on #tuesday #tuesdayfunday #skate #skating #inlineskating #rollerblading #speedskating #skatingspeedinline #nycskate #icapture_michael_grebinsky #empireskate #wednesdaynightskatenyc‚Ä¶ https://www.instagram.com/p/B-L97zNp_nv/?igshid=1bdsord0e5tk4,Mgrebinsky,Thursday,2,,2020-03-26 02:35:00,
26,2020-03-26 08:11:01-04:00,Just posted a photo @Prospect Park https://www.instagram.com/p/B-MkUi_jSzr/?igshid=hhjpwywag1oe,parkslope5thave,Thursday,8,,2020-03-26 08:05:00,
27,2020-03-26 11:27:10-04:00,SMC Pentax 50mm f1.2 shot directly into sunlight (with correct hood). Super sharp and very little flaring. #prospectpark #prospectparkalliance #nature #spring #brooklyn #newyorkcity #portrait #andrewbwhite #sonya7iii‚Ä¶ https://www.instagram.com/p/B-M6xPDpGgE/?igshid=yfchnu96l9rk,andrewbwhite1,Thursday,11,,2020-03-26 11:20:00,
28,2020-03-26 11:37:18-04:00,"@thomyorke sorry to bother, but TicketMaster is saying that your concert in NYC this Tuesday is taking place which is crazy and irresponsible. Is there anything you can do? I don‚Äôt know who else to contact.",jiserra,Thursday,11,,2020-03-26 11:35:00,
29,2020-03-26 11:39:46-04:00,NB: these photos were taken the other week This is another great lens - the Soviet made Jupiter 37A 135mm f3.5 M42 mount. My version is from 1979 and cost $10 at a yard sale. Based on the Carl Zeiss Sonnar 135mm‚Ä¶ https://www.instagram.com/p/B-M8NfSJqV8/?igshid=in280d8u70qf,andrewbwhite1,Thursday,11,,2020-03-26 11:35:00,
30,2020-03-26 12:12:43-04:00,@Ticketmaster get your shit together and cancel all the NYC events. This is not a normal situation. In your website the @thomyorke concert is still happening when the official website says that it‚Äôs postponed. Your representatives aren‚Äôt giving me the right answer.,jiserra,Thursday,12,,2020-03-26 12:05:00,
31,2020-03-26 14:00:46-04:00,"In these dark days of social distancing and despair its important to get outside, look up at the sky, feel the sun on your face, feel your breath rhythmical align with that of humanity, and understand that this too‚Ä¶ https://www.instagram.com/p/B-NMWTCJJOq/?igshid=s2t2cywg2udr",scotthockens,Thursday,14,,2020-03-26 13:50:00,
32,2020-03-26 14:05:59-04:00,Kudos to our men and women of the @NYPDnews for keeping us safe during #COVID19 ‚Äì at Prospect Park,abbydart,Thursday,14,0.0,2020-03-26 14:05:00,1.0
33,2020-03-26 16:17:50-04:00,Is barbershop quartet practice in Brooklyn immune from the social distancing order? ‚Äì at Prospect Park,Pervaizistan,Thursday,16,,2020-03-26 16:05:00,
34,2020-03-26 17:32:04-04:00,the shake at the very end kills me // @Mac10colorado ‚Äì at Prospect Park,harharbinks,Thursday,17,,2020-03-26 17:20:00,
35,2020-03-26 17:39:19-04:00,What a day ‚Äì at Prospect Park,thatJohann,Thursday,17,1.0,2020-03-26 17:35:00,0.0
36,2020-03-26 17:44:59-04:00,Sunshine break with a couple of bike loops and a little sit by the lake. Glad to find some breathing space here today. @Prospect Park https://www.instagram.com/p/B-NmAjmgUPu/?igshid=17uagfh4mu3h5,vermilionink,Thursday,17,,2020-03-26 17:35:00,
37,2020-03-26 17:48:19-04:00,Lake birds. A nice change from my fire escape doves! @Prospect Park https://www.instagram.com/p/B-NmY99AE0y/?igshid=13swyb08t80sf,vermilionink,Thursday,17,,2020-03-26 17:35:00,
38,2020-03-26 17:49:29-04:00,"Uphill, with cherry blossoms @Prospect Park https://www.instagram.com/p/B-Nmhi5gy-6/?igshid=1vnh9hv516j2b",vermilionink,Thursday,17,1.0,2020-03-26 17:35:00,0.0
39,2020-03-26 19:38:48-04:00,"Spring is still beautiful even during a nasty virus, though quickly viewed through a short walk through #prospectpark today. (We haven‚Äôt been out of the house for days). Such a strange experience with social‚Ä¶ https://www.instagram.com/p/B-NzB1pnb5G/?igshid=14fjfz0a8jtom",ZiaPriven,Thursday,19,,2020-03-26 19:35:00,
40,2020-03-26 20:13:43-04:00,"Coloring Cali Condor couple. DM me for #commission #sponsorship #donate #6 #Lovers #SWEPT #art #birdwar #tarot #surreal #noahxarts #bird (@Brooklyn Badass Boot Camp in Brooklyn, NY) https://www.swarmapp.com/c/egMwRyRvZjE",NoahXArts,Thursday,20,,2020-03-26 20:05:00,
41,2020-03-26 21:21:44-04:00,Sanity walk... I love long shadows... #sanitywalk #quarantine #brooklyn #springtime #chirpingbirds @Prospect Park https://www.instagram.com/p/B-N-pQLnU62/?igshid=4rtz4rkab7yc,jolenesiana,Thursday,21,,2020-03-26 21:20:00,
42,2020-03-27 12:28:02-04:00,"To the doctors, nurses, nurse practitioners, orderlies, physician assistants, lab technicians, hospital cleaning staff and all other medical professionals saving the world: THANK YOU for risking everything for all‚Ä¶ https://www.instagram.com/p/B-PmiFCAmQ9/?igshid=1dcxlmw2s3klg",kimmccreight,Friday,12,,2020-03-27 12:20:00,
43,2020-03-27 13:22:52-04:00,Reading about the neurodivergent brain and how to get better at work. I don‚Äôt have Asperger‚Äôs (that I know of lol) but I since ADHD is debated as being on the spectrum I figure something will be useful for my hyper focused ‚Äì at Prospect Park (Nethermead),ThatsOD_e,Friday,13,,2020-03-27 13:20:00,
44,2020-03-27 14:10:04-04:00,Social Distancing Prospect Park Trail and Meadows run @Prospect Park https://www.instagram.com/p/B-PyNMjpwCl/?igshid=17o81gykt9ns6,brooklynkid1951,Friday,14,,2020-03-27 14:05:00,
45,2020-03-27 14:23:51-04:00,Drops of pink @Park Slope Historic District https://www.instagram.com/p/B-PzyPzgZsG/?igshid=kzdx092oo3es,vermilionink,Friday,14,,2020-03-27 14:20:00,
46,2020-03-27 15:52:44-04:00,SOUND ON ‚Äì at Prospect Park,harharbinks,Friday,15,,2020-03-27 15:50:00,
47,2020-03-27 17:58:55-04:00,"Spring shall wait for no man (or virus!), gorgeous cascades of blossoms for the spirit. ‚Äì at Prospect Park",TeresaPesek,Friday,17,,2020-03-27 17:50:00,
48,2020-03-27 19:01:47-04:00, @Prospect Park https://www.instagram.com/p/B-QTeQfj5Rn/?igshid=11qg64ys5l0dx,Vanessa_Cajucom,Friday,19,,2020-03-27 18:50:00,
49,2020-03-27 19:03:39-04:00,SOUND ON. Park Slope cheering during the shift change at Methodist Hospital #covid19 #healthcareheros @Park Slope Historic District https://www.instagram.com/p/B-QTpMlnG06/?igshid=1ggoulp4bu9h7,KatDamkoehler,Friday,19,,2020-03-27 18:50:00,
50,2020-03-27 19:18:45-04:00,"Amazing warm 17 degree Spring day... air so clean and warm. What a treat after 4 days inside during the daytime, only doing night walks, nice as they were. ‚Äì at Long Meadow",danlatorre,Friday,19,,2020-03-27 19:05:00,
51,2020-03-27 20:08:28-04:00,#newnormal day 12 Came up with a new word on my bike ride tonight: disassion (dis-ÀàSA-sh…ôn) The compassion between strangers that arises in times of disaster. People are just nicer to‚Ä¶ https://www.instagram.com/p/B-QbOQ8joZg89bz7HcHTDibLHb4bjkwAt0F29E0/?igshid=18kh1ebspnh57,miles_randy,Friday,20,,2020-03-27 20:05:00,
52,2020-03-28 00:40:24-04:00,"Surreal living through the epicenter of a pandemic in the 21st century and watching everyone stop to take a picture of this for their own social media as well ‚Äì at Prospect Park 9th St Entrance, Lafayette Monument",platypus_shark,Saturday,0,,2020-03-28 00:35:00,
53,2020-03-28 06:44:56-04:00,My adventures to New York. Brooklyn. Prospect park October 31st-November 4th 2019 ‚Äì at Prospect Park,sslxt_,Saturday,6,,2020-03-28 06:35:00,
54,2020-03-28 09:32:12-04:00,Some empty #streets in #parkslope #brooklyn @Park Slope Historic District https://www.instagram.com/p/B-R3NFbDsRy/?igshid=1wanrn35h027o,dcomposer,Saturday,9,,2020-03-28 09:20:00,
55,2020-03-28 09:37:10-04:00,#newnormal day 13 Pretty much sums up my plans for the day. How ‚Äòbout you? @Park Slope Historic District https://www.instagram.com/p/B-R3xjcDyqqi9o954v7z08ymMmQXAIrR1ET60Y0/?igshid=1jfi7adi03oz8,miles_randy,Saturday,9,,2020-03-28 09:35:00,
56,2020-03-28 18:23:19-04:00,"Many have reached out to check on us during this time. New York has been severely impacted by the situation, and we‚Äôve lost so many. I know dark times are now and ahead, but it‚Äôs given me hope to see communities‚Ä¶ https://www.instagram.com/p/B-Sz_A6lDRQ/?igshid=103bafsibz2wg",malward314,Saturday,18,,2020-03-28 18:20:00,
57,2020-03-28 20:59:57-04:00,Throwbacks @Park Slope Historic District https://www.instagram.com/p/B-TF6NCA_Rw/?igshid=ihral9kgpirr,DonMcKenzie,Saturday,20,,2020-03-28 20:50:00,
58,2020-03-28 21:39:11-04:00,johnnymac15 crushing it. #brooklynlockdown #nom @Park Slope Historic District https://www.instagram.com/p/B-TKZwODPOa/?igshid=vgjg0v61hjoh,armadillofancyp,Saturday,21,,2020-03-28 21:35:00,
59,2020-03-29 10:01:09-04:00, . . ‚Äì at Prospect Park,jcheiffetz,Sunday,10,,2020-03-29 09:50:00,
60,2020-03-29 11:08:18-04:00,Running in the rain @Prospect Park https://www.instagram.com/p/B-Um_srpbxf/?igshid=1n3gbod53gv7d,brooklynkid1951,Sunday,11,,2020-03-29 11:05:00,
61,2020-03-29 13:12:33-04:00,#StayAtHomeAndStaySafe #stayhome #CoronaUpdate #COVID19 #CovidNYC #COVIDIDIOTS ‚Äì at Prospect Park,JordanGazay,Sunday,13,,2020-03-29 13:05:00,
62,2020-03-29 13:55:33-04:00,Lazy Sunday working. #cindylouwho #pupstagram #dogsofbrooklyn #brooklynlockdown @Park Slope Historic District https://www.instagram.com/p/B-U6I0VjbMK/?igshid=m1hams0jxwnp,armadillofancyp,Sunday,13,,2020-03-29 13:50:00,
63,2020-03-29 14:20:31-04:00,"Quarantine or not, Brooklyn brunches on Sundays. #brooklynlockdown #nom johnnymac15 @Park Slope Historic District https://www.instagram.com/p/B-U8_rzDotc/?igshid=17n024qf3laq5",armadillofancyp,Sunday,14,,2020-03-29 14:20:00,
64,2020-03-29 15:35:39-04:00,"Quarantine got you down? If all else fails, bake a bright pink cake. There are so few things in life for which there is no downside. This is one of them. #ParkSlopeSundays #quarantinelife #author #baking‚Ä¶ https://www.instagram.com/p/B-VFl6sAP92/?igshid=sgkdbnb7gso4",kimmccreight,Sunday,15,1.0,2020-03-29 15:35:00,0.0
65,2020-03-29 17:13:15-04:00,"I'm at Prospect Park - @nycparks in Brooklyn, NY w/ @evelinechao",MarcHadfield,Sunday,17,,2020-03-29 17:05:00,
66,2020-03-29 17:24:48-04:00,#prospectpark #propectparkzoo #weathervane #brooklyn #newyorkcity #portrait #andrewbwhite #jupiter37a #adaptedlens #manualfocus #nycphotographer @nycprimeshot #nycphotography @Prospect Park https://www.instagram.com/p/B-VSFXYJy-n/?igshid=1xlepria2d42d,andrewbwhite1,Sunday,17,,2020-03-29 17:20:00,
67,2020-03-29 23:13:39-04:00,Do you remember when you joined Twitter? I do! #MyTwitterAnniversary ‚Äì at Prospect Park,Cappo21,Sunday,23,,2020-03-29 23:05:00,
68,2020-03-29 23:40:29-04:00,Quarantine dream. #cindylouwho #brooklynlockdown #brooklynlockdown #minidach #dogsofbrooklyn @Park Slope Historic District https://www.instagram.com/p/B-V9FBfj1p_/?igshid=10cuspsr6wujv,armadillofancyp,Sunday,23,,2020-03-29 23:35:00,
69,2020-03-30 09:43:51-04:00,HOW TO KEEP YOUR WIFE INTERESTED FOR 99.5 YEARS! #interestedforyears #relationships http://bit.ly/1gyiyfc,BumBumJones,Monday,9,,2020-03-30 09:35:00,
70,2020-03-30 10:26:04-04:00,Strange that s and x are excluded from this.,fatespeakstruth,Monday,10,,2020-03-30 10:20:00,
71,2020-03-30 13:33:48-04:00,"@NYGovCuomo Hello, I am a dentist and submitted my email offering help several days back but have not yet heard how I can help. My private practice is closed, have now recovered from the virus(previously was positive), and want to be at front line helping. Tell me how to help!",fatespeakstruth,Monday,13,,2020-03-30 13:20:00,
72,2020-03-30 15:26:24-04:00,Agreed only in part. What pressure would a board face if it hoarded cash reserves without distributing a dollar nor using it for ‚Äústrategic‚Äù acquisitions? The market would not accept it. Stock would trade at a discount. An activist fund would take position and create pressure.,Helobiae,Monday,15,0.0,2020-03-30 15:20:00,1.0
73,2020-03-30 17:39:20-04:00,"I had so much fun running around Prospect Park with my #altraredteam teammates @eltigre1167 and @simplyalexny and @altrarunning elites, @Merejune3 and @jasonschlarb while they were in the city scouting art,‚Ä¶ https://www.instagram.com/p/B-X4ipAn35K/?igshid=xcl08qm0hod9",runcoachkai,Monday,17,,2020-03-30 17:35:00,
74,2020-03-31 12:28:47-04:00,Catching up on Daytrotter sessions https://www.pastemagazine.com/daytrotter,iftheycouldtalk,Tuesday,12,,2020-03-31 12:20:00,
75,2020-03-31 13:31:07-04:00,‚ÄúWaiting for #spring at #home ‚Äú #stayhome #stayathome #staysafe #corona . . . #prospectpark #brooklyn #newyork #newyorkcity #nyc #usa #instagram #timeoutnewyork #newyorker #newyorklife #netgeotravel #filmeditor‚Ä¶ https://www.instagram.com/p/B-aA7hDDEel/?igshid=kc7v2vezpo8a,SerhatCenkYalin,Tuesday,13,,2020-03-31 13:20:00,
76,2020-03-31 13:54:03-04:00,#WorkFromHome #COVID19 ‚Äì at Prospect Park,JordanGazay,Tuesday,13,,2020-03-31 13:50:00,
77,2020-03-31 16:57:26-04:00,I don‚Äôt know what I did to deserve this! A long time Internet friend just sent this to me. I tried to pick it up at the post office last week and it was so crowded & I was having anxiety being too close to‚Ä¶ https://www.instagram.com/p/B-aYis-HPzm/?igshid=18ks90hc0zb1p,jolenesiana,Tuesday,16,,2020-03-31 16:50:00,
78,2020-03-31 20:49:47-04:00,Unreal. Would love to know thoughts !,fatespeakstruth,Tuesday,20,,2020-03-31 20:35:00,
79,2020-03-31 20:52:39-04:00,"You can give thoughts now, just can‚Äôt spoil the plot :)",fatespeakstruth,Tuesday,20,1.0,2020-03-31 20:50:00,0.0
80,2020-03-31 21:03:16-04:00,Good trick for social distancing outside: go when it‚Äôs a miserable cold gray overcast evening. No one else will be there. @Prospect Park https://www.instagram.com/p/B-a0rIPBRWp/?igshid=ukwy4h2iap32,JimTAustin,Tuesday,21,,2020-03-31 20:50:00,
81,2020-04-01 00:10:04-04:00,#newnormal day 16 Yesterday I woke up at 3pm and today I found my cereal bowl in the freezer where I had put it two hours earlier cuz my cereal wasn‚Äôt cold enough and then immediately‚Ä¶ https://www.instagram.com/p/B-bKDL-jsFX-C6rUUkCUERYwyExLgWypJXAyBk0/?igshid=m8hk2sglbatd,miles_randy,Wednesday,0,1.0,2020-04-01 00:05:00,0.0
82,2020-04-01 11:47:03-04:00,"I feel like I stepped into the Secret Garden today @prospect_park. Just me and the birds, hoping #SocialDistance messaging has finally sunk in. ‚Äì at Vale of Cashmere",TeresaPesek,Wednesday,11,0.0,2020-04-01 11:35:00,1.0
83,2020-04-01 14:55:12-04:00,Someone forgot to tell them about social distancing! #quarantine #SocialDistancing #COVID19 ‚Äì at Prospect Park,abbydart,Wednesday,14,,2020-04-01 14:50:00,
84,2020-04-01 15:25:47-04:00,taint sunning in PPE ‚Äì at Prospect Park,kale_come_back,Wednesday,15,,2020-04-01 15:20:00,
85,2020-04-01 17:07:20-04:00,"Don‚Äôt worry BK, I have this little Gargoyle dude looking out for us. be good. ‚Äì at Prospect Park",clab10,Wednesday,17,,2020-04-01 17:05:00,
86,2020-04-01 17:50:57-04:00,"If you can, take a walk or a run in the park near you to relax. It's very important to get fresh air to release stress and anxiety. Reply below what you're doing to maintain a healthy lifestyle. #photography ‚Äì at Prospect Park",TheHFWarrior,Wednesday,17,,2020-04-01 17:50:00,
87,2020-04-01 20:29:45-04:00,Brooklyn Gem. ‚Äì at Prospect Park,aishatymara,Wednesday,20,0.0,2020-04-01 20:20:00,1.0
88,2020-04-01 21:05:42-04:00,Great walk through Prospect Park on way to bank to get cash for dry cleaner ‚Äî I‚Äôve left tons o‚Äôclothes there since pre-pandemic. . Beautiful outside. But I feel stressed when people don‚Äôt observe social distancing‚Ä¶ https://www.instagram.com/p/B-dZv9WBwI1/?igshid=zr7p5sm1dtgg,scottpiro,Wednesday,21,,2020-04-01 21:05:00,
89,2020-04-01 22:09:50-04:00,"The sun finally came out with the flowers The streets here in NYC are empty: we're inside scared, or depressed, or worse: SICK. Some have access to 2nd homes &amp; got out of town, the rest of us finally opened our windows &amp; let this sun in ‚Äì at Prospect Park",BrettGleason,Wednesday,22,,2020-04-01 22:05:00,
90,2020-04-02 00:11:20-04:00,"July, 2019. #film #kodaktrix400 #canonnewf1 #canonfd35mmf2 #noritsuls600 @Prospect Park Ravine https://www.instagram.com/p/B-du_jAFjlU/?igshid=wz7y670vlnfe",mfehrenbach,Thursday,0,,2020-04-02 00:05:00,
91,2020-04-02 11:51:18-04:00,"a lot has changed, but, spring is still springing. @Prospect Park https://www.instagram.com/p/B-e_GLMhbtX/?igshid=1f81ur9bpywjk",SashaMarieS,Thursday,11,,2020-04-02 11:50:00,
92,2020-04-02 12:30:06-04:00,"New availability! 937sf western facing two bedroom with massive private terrace right next to Prospect Park and B/Q/S trains. Two exposures and amazing natural light. Available for early June move in: $3,750. Free‚Ä¶ https://www.instagram.com/p/B-fDiXKjnR6/?igshid=gcnrjk5se9xn",giraffedrd,Thursday,12,,2020-04-02 12:20:00,
93,2020-04-02 16:41:23-04:00,daily julius ‚Äì at Prospect Park,harharbinks,Thursday,16,,2020-04-02 16:35:00,
94,2020-04-02 18:51:17-04:00,"Tonight I went to a roller disco party in Brooklyn and was really excited when my skates matched my top! Friends, always splurge for the wrist guards. Falling hurts, but falling without them hurts more. No, no, I‚Äôm‚Ä¶ https://www.instagram.com/p/B-fvKVLHEB1/?igshid=1ek1obaz9twhn",MagsThoughts,Thursday,18,,2020-04-02 18:50:00,
95,2020-04-02 19:09:25-04:00,#ents #lordoftherings #tolkein #superheroes @Prospect Park https://www.instagram.com/p/B-fxPMjFLU8/?igshid=qg2tvn35b7hu,LostMagicFound,Thursday,19,,2020-04-02 19:05:00,
96,2020-04-02 20:16:08-04:00,"""So ends a fair day in wrath"" - Pippin, #lordoftherings #jrrtolkien #sunset #treesofinstagram @Prospect Park https://www.instagram.com/p/B-f43ymlPNd/?igshid=5byzbdyl8pty",LostMagicFound,Thursday,20,,2020-04-02 20:05:00,
97,2020-04-03 04:07:38-04:00,Wednesday‚Äôs solitary sanity walk in the park... #sanitywalk #solitarywalk #springvibes #alonetogether #prospectpark #brooklyn #latergram @Prospect Park https://www.instagram.com/p/B-gu1HdnVNT/?igshid=13wlcke03xn8h,jolenesiana,Friday,4,,2020-04-03 04:05:00,
98,2020-04-03 09:05:42-04:00,Give a monkey a southern governor and he‚Äôll believe he‚Äôs the center of the universe. And endanger us all. @fishbonesoldier soundtrack to my Brooklyn psych-survival walk.‚Ä¶ https://www.instagram.com/p/B-hQ8M2g8LZAFzTi3AV4L1SW7irU1mdOut0pI40/?igshid=1pdjtclg6n416,shouldve,Friday,9,,2020-04-03 09:05:00,
99,2020-04-03 10:01:04-04:00,Near our backyard. Desperate for fresh air and a stroll. He told me it‚Äôd peaked spring while I‚Äôve been indoors. Keeping far away from other humans. But miss the dogs. Can‚Äôt wait to feel again as happy and prosperous‚Ä¶ https://www.instagram.com/p/B-hXR0HFQsD/?igshid=iiewr955pxox,StyledByRobyn,Friday,10,,2020-04-03 09:50:00,
100,2020-04-03 17:07:46-04:00,Captain Kleenex reporting for doodie,BrianPMcCarthy,Friday,17,,2020-04-03 17:05:00,
101,2020-04-03 18:01:39-04:00,#SpringFlowers ‚Äì at Prospect Park Lake,elliottschelli1,Friday,18,,2020-04-03 17:50:00,
102,2020-04-03 19:03:33-04:00,Friday dog walkin‚Äô ‚Äì at Prospect Park,alexanderhall,Friday,19,0.0,2020-04-03 18:50:00,1.0
103,2020-04-03 19:45:57-04:00,"I am very aware of my surroundings and I try to give more than enough space to those around me... If someone is standing at the corner and I‚Äôm about to reach them, I will wait... If I am walking down the street and‚Ä¶ https://www.instagram.com/p/B-iZiMunA40/?igshid=12pvxiw2q12hb",jolenesiana,Friday,19,,2020-04-03 19:35:00,
104,2020-04-03 19:51:12-04:00, #socialdistancing #keepyourdistance #springvibes #blooms #prospectpark #sanitywalk #alonetogether @Prospect Park https://www.instagram.com/p/B-iaz4_Hmq_/?igshid=7ed396e1abfh,jolenesiana,Friday,19,,2020-04-03 19:50:00,
105,2020-04-03 21:56:31-04:00,Can you dm me why without a spoiler ? This is such a bummer to read :/,fatespeakstruth,Friday,21,,2020-04-03 21:50:00,
106,2020-04-03 22:00:57-04:00,Ok then will pass. I really appreciate you keeping mum. So bummed to hear it.,fatespeakstruth,Friday,22,,2020-04-03 21:50:00,
107,2020-04-03 22:02:59-04:00,Hopefully you had some great moments. But a bummer too that you got to the ending in a day or two. Was hoping for tons of gameplay out of this.,fatespeakstruth,Friday,22,,2020-04-03 21:50:00,
108,2020-04-03 22:05:29-04:00,Based on reviews it appears that there are missing gestures on your trackpad ? Will this eventually come to par with apples keyboard?,fatespeakstruth,Friday,22,,2020-04-03 22:05:00,
109,2020-04-04 09:49:25-04:00,Empty #street in #parkslope #brooklyn @Park Slope Historic District https://www.instagram.com/p/B-j6vOwjvFD/?igshid=15oxdus0p122m,dcomposer,Saturday,9,,2020-04-04 09:35:00,
110,2020-04-04 14:04:56-04:00,Where did you pre order from?,fatespeakstruth,Saturday,14,,2020-04-04 13:50:00,
111,2020-04-04 14:21:59-04:00,"Daily bike rides afford me time to appreciate NYC architecture in a way I never have in 26 years. Ocean Ave, Prospect Park adjacent. #QuarantineLife ‚Äì at Prospect Park",Clarknt67,Saturday,14,,2020-04-04 14:20:00,
112,2020-04-04 14:53:50-04:00,#turtletime @Prospect Park https://www.instagram.com/p/B-kdjOFH_VZ/?igshid=15vj053krxtne,LostMagicFound,Saturday,14,,2020-04-04 14:50:00,
113,2020-04-04 14:57:47-04:00,#swan @Prospect Park https://www.instagram.com/p/B-kd9mFnwwK/?igshid=ptgr90z2bjv,LostMagicFound,Saturday,14,,2020-04-04 14:50:00,
114,2020-04-04 16:26:40-04:00,Prospect Park is packed. Unreal.,,Saturday,16,0.0,2020-04-04 16:20:00,1.0
115,2020-04-04 16:55:02-04:00,These turtles are not properly social distancing ‚Äì at Prospect Park,thegoldston,Saturday,16,,2020-04-04 16:50:00,
116,2020-04-04 17:06:36-04:00,Prospect Park / from a distance ‚Äì at Prospect Park,alisancirakoglu,Saturday,17,0.0,2020-04-04 17:05:00,1.0
117,2020-04-04 17:27:06-04:00,"Spring continues to bloom... Park was definitely not empty, and still too many on the main drive but fewer knuckleheads and people are giving wider berth. I stayed on side paths. @Prospect Park https://www.instagram.com/p/B-kvHabDuvJ/?igshid=i5goy0l11j27",popartist61,Saturday,17,,2020-04-04 17:20:00,
118,2020-04-04 17:27:28-04:00,OMG are you KIDDING ME? #aaugh,CriticTot,Saturday,17,,2020-04-04 17:20:00,
119,2020-04-04 18:24:48-04:00,Sad to miss running citifield today. @SpartanRace @spartanrace thanks to sarsaparilla.susan for talking me into #spartanvirtualsprint we even found stairs. #5k #obstacles @Prospect Park https://www.instagram.com/p/B-k1t_tDHXU/?igshid=169rmt82mfpws,hgnycld,Saturday,18,1.0,2020-04-04 18:20:00,0.0
120,2020-04-04 19:09:46-04:00,Saturday afternoon April 4 update around 3:45pm. NYC‚Äôs Prospect Park #publicspace seems less crowded. More physical distancing. Many with face coverings. Gorgeous day out. Had a solid run. Meditated in the sun. Body needed longer session in our local star light so bad. #COVID19 ‚Äì at Prospect Park,danlatorre,Saturday,19,,2020-04-04 19:05:00,
121,2020-04-04 19:12:04-04:00,Did you #goskate on #saturday #saturdayfunday #skate #skating #inlineskating #rollerskating #rollerblading #speedskating #skatingspeedinline #icapture_michael_grebinsky #takinoskates #mpc #empireskate‚Ä¶ https://www.instagram.com/p/B-k5fuKppjw/?igshid=1lfvtf9mo3ni9,Mgrebinsky,Saturday,19,1.0,2020-04-04 19:05:00,0.0
122,2020-04-04 19:16:26-04:00,Here‚Äôs what the running trail is like in the park. Plenty of #publicspace to keep over 2 meters distance. #coronavirus #COVID19 ‚Äì at Prospect Park Loop,danlatorre,Saturday,19,,2020-04-04 19:05:00,
123,2020-04-04 19:17:16-04:00,Stickball in the Slope @Park Slope Historic District https://www.instagram.com/p/B-k7udlp-Nj/?igshid=1lbubjvi6xx4a,brooklynkid1951,Saturday,19,,2020-04-04 19:05:00,
124,2020-04-04 19:20:12-04:00,My childhood home 207 Berkeley Place @Park Slope Historic District https://www.instagram.com/p/B-k8D0IJGbp/?igshid=1wci9m634fbpc,brooklynkid1951,Saturday,19,0.0,2020-04-04 19:20:00,1.0
125,2020-04-04 19:26:08-04:00,"Here‚Äôs the loop road in Prospect Park #publicspace. Definitely requires agile maneuvering to maintain 2+ meters physical distance. I like the challenge, keeps the act of running more alive. The flowering trees were radiant making most pause in delight. #coronavirus #covid19 ‚Äì at Prospect Park Loop",danlatorre,Saturday,19,,2020-04-04 19:20:00,
126,2020-04-04 19:45:48-04:00,"I turned location services on for all my apps, because why not?",bdelanghe,Saturday,19,,2020-04-04 19:35:00,
127,2020-04-04 20:33:02-04:00,"Brooklyn rush hour - April 4, 2020 @brklynbes @ThePhotoHour @StormHourMark @nycgo @NY1 @News12BK #CoronavirusNewYork #NYCLockdown #COVID19",ariane321,Saturday,20,1.0,2020-04-04 20:20:00,0.0
128,2020-04-04 22:26:36-04:00,You already beat it ? Finished the whole game? How many hr of gameplay???,fatespeakstruth,Saturday,22,,2020-04-04 22:20:00,
129,2020-04-04 22:32:55-04:00,"Here‚Äôs a picture of my family. And sometimes I‚Äôve taken them for granted. But in a time of anxiety and stress, when hearing endless sirens from ambulances, seeing flashing lights through my bedroom window, and‚Ä¶ https://www.instagram.com/p/B-lSHWSFTOI/?igshid=1nb700ft6xgv4",malward314,Saturday,22,,2020-04-04 22:20:00,
130,2020-04-05 00:39:01-04:00,Park Slope peeps 1967 @Park Slope Historic District https://www.instagram.com/p/B-lgi_7J0WB/?igshid=845jb41q55tn,brooklynkid1951,Sunday,0,,2020-04-05 00:35:00,
131,2020-04-05 09:40:13-04:00,"Eastern cottontail, yesterday in @prospect_park ‚Äì at Prospect Park",allieri,Sunday,9,,2020-04-05 09:35:00,
132,2020-04-05 10:48:20-04:00,#tunnel #prospectpark #brooklyn #newyorkcity #portrait #andrewbwhite #pentax50mmf12 #adaptedlens #manualfocus #nycphotographer @nycprimeshot #nycphotography @Prospect Park https://www.instagram.com/p/B-mmRiepE-o/?igshid=zlxxh6d7s2j0,andrewbwhite1,Sunday,10,,2020-04-05 10:35:00,
133,2020-04-05 10:52:11-04:00,#redwingedblackbird #prospectpark #nature #brooklyn #newyorkcity #andrewbwhite #jupiter37a #adaptedlens #manualfocus #nycphotographer @nycprimeshot #nycphotography @Prospect Park https://www.instagram.com/p/B-mmtpCJrUd/?igshid=1wh0ono9jdhtn,andrewbwhite1,Sunday,10,,2020-04-05 10:50:00,
134,2020-04-05 10:56:55-04:00,#redwingedblackbird #nature #prospectpark #brooklyn #newyorkcity #andrewbwhite #jupiter37a #adaptedlens #manualfocus #nycphotographer @nycprimeshot #nycphotography @Prospect Park https://www.instagram.com/p/B-mnQffpItE/?igshid=p1o6kqr823mu,andrewbwhite1,Sunday,10,,2020-04-05 10:50:00,
135,2020-04-05 12:47:40-04:00,It took a global health crisis to get me on a Citibike. @Prospect Park https://www.instagram.com/p/B-mz7trgAyF/?igshid=wc7p26itlnqe,Vspiz,Sunday,12,,2020-04-05 12:35:00,
136,2020-04-05 14:02:52-04:00,My dog is bad at social distancing ‚Äì at Prospect Park,manwitheyebrows,Sunday,14,,2020-04-05 13:50:00,
137,2020-04-05 14:16:24-04:00,Just think of the future #tanlines #QuarantineDiaries #coronavirus #Queerantine #QuarantineLife #mascsformasks ‚Äì at Prospect Park,Kaitruggiero,Sunday,14,,2020-04-05 14:05:00,
138,2020-04-05 14:31:13-04:00,GORGEOUS @Prospect Park Zoo https://www.instagram.com/p/B-m_yAKg99c-pUUeleUtIWO58rq1dLSUZ3wjqo0/?igshid=bbryr2ebm9wv,scout_weird,Sunday,14,,2020-04-05 14:20:00,
139,2020-04-05 14:53:34-04:00, @Prospect Park https://www.instagram.com/p/B-nCV2PACTtSgm3BUkemRXn2iw5U7uSgBLO-5w0/?igshid=vd10uefb51b0,scout_weird,Sunday,14,,2020-04-05 14:50:00,
140,2020-04-05 15:17:24-04:00,Neighborhood. #socialdistancing #stayhome #quarantinelife #newyorktough #nyc @Prospect Park https://www.instagram.com/p/B-nFEc6loHx/?igshid=1lrmz5mtbzk0t,malward314,Sunday,15,,2020-04-05 15:05:00,
141,2020-04-05 15:43:28-04:00,,sundaysyd_,Sunday,15,,2020-04-05 15:35:00,
142,2020-04-05 16:06:22-04:00,"I'm at Prospect Park - @nycparks in Brooklyn, NY w/ @evelinechao",MarcHadfield,Sunday,16,,2020-04-05 16:05:00,
143,2020-04-05 16:25:53-04:00,Prospect park is packed right now- not even 25% of people wearing masks! What is wrong with these people ‚Äì at Prospect Park,LisbethKaufman,Sunday,16,0.0,2020-04-05 16:20:00,1.0
144,2020-04-05 17:50:17-04:00,Still getting out there ‚Äì at Prospect Park,ryan_deepclub,Sunday,17,,2020-04-05 17:50:00,
145,2020-04-05 18:10:12-04:00,Sensational walk with #PeteyPiro this afternoon. . I wish more people were observing the social distancing. It adds a layer of stress to the experience ‚Äî dodging peeps to maintain that distance when they‚Ä¶ https://www.instagram.com/p/B-nY1wyhLj1/?igshid=tdkleozyijhz,scottpiro,Sunday,18,0.0,2020-04-05 18:05:00,1.0
146,2020-04-05 23:54:22-04:00,#cleansweepnyc We are all doing our part by staying home to stop the spread of #COVID19. Why aren‚Äôt we cleaning the streets littered with gloves and masks? Gloves even stuck on the tires of cars! Our streets are like minefields Where are the sweepers? @NYCMayorsOffice @NYCMayor,LeouMary,Sunday,23,,2020-04-05 23:50:00,
147,2020-04-06 11:02:55-04:00,Outtake: badass cartoonist lianafinck for @NYMag. This was one my favorite and most chill assignments in 2019. Special thanks to Megan Paetzhold @meganistamcfly! @Park Slope Historic District https://www.instagram.com/p/B-pMvQogOi8/?igshid=8ijcznu8iyxq,mcooperco,Monday,11,,2020-04-06 10:50:00,
148,2020-04-06 13:25:39-04:00,daily julius ‚Äì at Prospect Park,harharbinks,Monday,13,,2020-04-06 13:20:00,
149,2020-04-06 13:26:25-04:00,"Golden-crowned kinglet, making her way migrating through @prospect_park. An exciting first for me! #birdphotography #birdbk #bird #birding #birdsnyc #prospectpark #wildlife #wildlifephotography #nyc #nycwildlife #nycwild #spring #coronavirus #brooklyn #leica #leicaphotography ‚Äì at Prospect Park",allieri,Monday,13,,2020-04-06 13:20:00,
150,2020-04-06 14:41:51-04:00,WFH social distancing done right. #fireescape #brooklynlockdown #pleasestayhomefortheloveofgodiwanttoleavemyhouseatsomepoint @Park Slope Historic District https://www.instagram.com/p/B-ply9qjPhw/?igshid=1kqty9notsx9y,armadillofancyp,Monday,14,,2020-04-06 14:35:00,
151,2020-04-06 14:54:07-04:00,Tired of the same mundane routine ‚Äì at Lonelyville,caitxvibes,Monday,14,,2020-04-06 14:50:00,
152,2020-04-06 15:09:02-04:00,Geese vs. Dogs. Choose your player! ‚Äì at Prospect Park,almequina,Monday,15,,2020-04-06 15:05:00,
153,2020-04-06 15:12:49-04:00,"This picture made my day @harperbooks. You‚Äôre the best. #Repost @harperbooks with @get_repost „Éª„Éª„Éª Big Little Lies meets Presumed Innocent in this riveting novel from @kimmccreight, in which a Brooklyn woman‚Äôs‚Ä¶ https://www.instagram.com/p/B-ppVjxgmLS/?igshid=1ld2hyi0xrwn8",kimmccreight,Monday,15,,2020-04-06 15:05:00,
154,2020-04-06 15:54:26-04:00,The park was pretty empty at midday. People were social distancing and for the most part wearing something over their faces. @Prospect Park https://www.instagram.com/p/B-puGbFDYNX/?igshid=jw49lcl6g8q3,brooklynkid1951,Monday,15,1.0,2020-04-06 15:50:00,0.0
155,2020-04-06 16:47:17-04:00,It‚Äôs nice for one day and just look at these assholes not social distancing! ‚Äì at Prospect Park,jotheskimo,Monday,16,0.0,2020-04-06 16:35:00,1.0
156,2020-04-06 17:11:29-04:00,"Can we please just close the parks, because obviously Brooklyn isn‚Äôt getting the message. #stupidbrooklyn #whatcurve @Prospect Park https://www.instagram.com/p/B-p265sjLjf/?igshid=12l7gz4aen9aw",theotnerd,Monday,17,0.0,2020-04-06 17:05:00,1.0
157,2020-04-06 19:41:18-04:00, ‚Äì at Prospect Park,KathyAnnH,Monday,19,,2020-04-06 19:35:00,
158,2020-04-06 20:00:37-04:00,"Sarah and Anton. Prospect Park lakeside, March 27, 2020. #prospectparklakeside . The date on this photo definitely changes the context. I‚Äôve taken walks to the park about 3 times since early March, all keeping‚Ä¶ https://www.instagram.com/p/B-qKRgRD4gv/?igshid=iy718fkh82fx",kmeisterphoto,Monday,20,,2020-04-06 19:50:00,
159,2020-04-06 20:17:49-04:00,One day at a time . . #newyorktough #nyc #brooklyn @Prospect Park https://www.instagram.com/p/B-qMPwrl58S/?igshid=ycchox5e493p,malward314,Monday,20,,2020-04-06 20:05:00,
160,2020-04-06 21:57:38-04:00,"Teach truth, Whether it fills the room or empties it. #AlleyneMAGIC http://alleyneART.com @Prospect Park Zoo https://www.instagram.com/p/B-qXqlSnad5/?igshid=p02fazwwd89g",ARTalleyne,Monday,21,,2020-04-06 21:50:00,
161,2020-04-06 22:49:03-04:00,"The scene from our back door seems deceptively idyllic as spring is finally encouraging growth out there. You only have to go a couple of blocks to the local hospital to see the impact of the invisible enemy around us. There, you can see its impact, even from the outside.",stribs,Monday,22,,2020-04-06 22:35:00,
162,2020-04-07 13:40:27-04:00,Just posted a photo @Prospect Park https://www.instagram.com/p/B-sDkKwD-g1/?igshid=19epyuzcy9s05,brooklynkid1951,Tuesday,13,,2020-04-07 13:35:00,
163,2020-04-07 14:09:05-04:00,"Greetings from Brooklyn, miss you all! Stay safe and healthy @hasanminhaj @patriotact @Onsetshows ‚Äì at Prospect Park",ShadowHolden,Tuesday,14,,2020-04-07 14:05:00,
164,2020-04-07 14:45:51-04:00,tuesday jules ‚Äì at Prospect Park,harharbinks,Tuesday,14,,2020-04-07 14:35:00,
165,2020-04-07 15:41:49-04:00,"@darakass hi dr. Kass. I too am a Brooklyn resident and have been following your tweets and was moved by NY Times‚Äôs email feature on you. Once this is behind us , my wife and I would really love to host you and your family for dinner at our home. I am a dentist and woke at",fatespeakstruth,Tuesday,15,,2020-04-07 15:35:00,
166,2020-04-07 15:43:24-04:00,Work * at NYU Langone. And have seen the devastation of this virus. It has profoundly impacted dentists as well. My wife and I both have been infected and now have returned nearly back to normal. I very much hope you‚Äôll take up our offer and it would be our pleasure to meet/host.,fatespeakstruth,Tuesday,15,,2020-04-07 15:35:00,
167,2020-04-07 21:20:43-04:00,"Hal Willner‚Äôs Doc Pomus Project @briccelebratebk 7/27/07 with Lou Reed, Laurie Anderson, Sharon Jones, Ben E. King, Eric Mingus http://et.al. The Hal Willner tribute should be one to remember. #covidnyc #halwillner @‚Ä¶ https://www.instagram.com/p/B-s4PFwAvur/?igshid=f2vnyyvs2nsg",feastofmusic,Tuesday,21,,2020-04-07 21:20:00,
168,2020-04-08 09:42:59-04:00,Hello from the colonies. #blessedbethefruit @MonaChalabi we had to act out the 6 ft tool. #COVID„Éº19 #Queerantine #nyccoronavirus #nycparks #coronavirus #CoronavirusPandemic #BROOKLYN ‚Äì at Prospect Park,Kaitruggiero,Wednesday,9,,2020-04-08 09:35:00,
169,2020-04-08 10:14:51-04:00,"Tree tops on the N side of the Vale in @prospect_park is ALIVE w warbling activity, those of you with better binoculars should have luck there. Our feathered friends are singing w extra vigor w colors looking brilliant! Eastern Towhee, Northern Flicker, and so many Oven birds. ‚Äì at Vale of Cashmere",TeresaPesek,Wednesday,10,,2020-04-08 10:05:00,
170,2020-04-08 15:41:06-04:00,La vita e bella ‚Äì at Prospect Park Boathouse &amp; Audubon Center,AB_underground,Wednesday,15,,2020-04-08 15:35:00,
171,2020-04-08 15:45:05-04:00,"Meanwhile, in Prospect Park, turtles congregate. ‚Äì at Prospect Park Boathouse &amp; Audubon Center",pantoniades,Wednesday,15,,2020-04-08 15:35:00,
172,2020-04-08 15:53:32-04:00,"There is a wise #publichealth reason why NYC parks are still open for all solo activities amidst #coronavirus. All New Yorkers are #publicspace experts, why mindful #placemaking works so well. #activeliving #healthcare ‚Äì at Prospect Park Loop",danlatorre,Wednesday,15,1.0,2020-04-08 15:50:00,0.0
173,2020-04-08 18:11:31-04:00," Want to read the first 50 pages of A GOOD MARRIAGE right now? A link to the first 50 pages will be in my newsletter THIS Friday. Sign up between now and 1 pm Friday to get them right to your inbox. Plus, you‚Äôll‚Ä¶ https://www.instagram.com/p/B-vHYTcA3lG/?igshid=qbt41y1smf70",kimmccreight,Wednesday,18,,2020-04-08 18:05:00,
174,2020-04-08 19:15:45-04:00,So glad to have this park during this pandemic. It doesn‚Äôt get much more socially distant than this. @Prospect Park https://www.instagram.com/p/B-vOu24j5Mt/?igshid=k1utwmjr25cv,ZachNYC,Wednesday,19,1.0,2020-04-08 19:05:00,0.0
175,2020-04-08 19:20:19-04:00,‚ÄúHappiness is letting go of what you think your life is supposed to look like and celebrate it for everything that it is.‚Äù. #eveningwalk #thenewnormal #socialdistancing #prospectpark‚Ä¶ https://www.instagram.com/p/B-vPQATpRCysKadg8IumHOxTKgom845k62fQoA0/?igshid=1bejg5cjwu7dw,_sanjeevation,Wednesday,19,,2020-04-08 19:20:00,
176,2020-04-08 21:02:33-04:00,"‚ÄúLively, diverse, intense cities contain the seeds of their own regeneration‚Äù - Jane Jacobs ‚Äì at Prospect Park",jcheiffetz,Wednesday,21,,2020-04-08 20:50:00,
177,2020-04-08 21:24:37-04:00,"It‚Äôs just my observation ‚Äîbut those the most guilty of not giving enough space are the runners who are not wearing masks. I get it, I want to exercise too...It‚Äôs not that difficult to be courteous & aware. I‚Äôm not‚Ä¶ https://www.instagram.com/p/B-vdNGlHmli/?igshid=1gmv4f3wqlsm7",jolenesiana,Wednesday,21,0.0,2020-04-08 21:20:00,1.0
178,2020-04-08 22:02:52-04:00,I discovered some new (to me) parts of Prospect Park... I usually take my bike there but I‚Äôve just been going on my sanity walks there lately... I am so grateful for the park... #sanitywalk #prospectpark‚Ä¶ https://www.instagram.com/p/B-vhIREn6ZS/?igshid=ykvm3077r3ef,jolenesiana,Wednesday,22,,2020-04-08 21:50:00,
179,2020-04-09 00:30:46-04:00,Keep your distance methane boy @Prospect Park https://www.instagram.com/p/B-vyyCVgAJ2/?igshid=1qhjrp6nkc96o,JonezyKarona,Thursday,0,,2020-04-09 00:20:00,
180,2020-04-09 07:18:41-04:00,"@BestBuy @BestBuySupport if our store is open and we pre ordered, I was told we can pick up final fantasy vii remake early today between 3-6pm instead of tomorrow. Can you verify this to be true ?",fatespeakstruth,Thursday,7,,2020-04-09 07:05:00,
181,2020-04-09 08:57:37-04:00,"Are you blind or just insane? Social distancing is not working, certainly not in Brooklyn! How many pictures do I have to send to you to prove it? Why are people outside at all if we are to shelter in place? ‚Äì at Prospect Park",Kuch516,Thursday,8,0.0,2020-04-09 08:50:00,1.0
182,2020-04-09 12:11:57-04:00,Eastern phoebe in @prospect_park. Day 15 of posting photos I‚Äôve taken of NYC wildlife #bird #birdsofinstagram #birdbk #animals #wildlife #wildlifephotography #nyc #nycwildlife #nycwild #spring #coronavirus #brooklyn #leica #leicaphotography ‚Äì at Prospect Park,allieri,Thursday,12,,2020-04-09 12:05:00,
183,2020-04-09 14:28:46-04:00,I'm on the roof #fuk #that Still #zonedout @bwayj @bentleyrecords #bwayj #vytalsygnzmusic #bgod #bentleygang #nyc #la #newyorkcity #brooklyn #queens #broadwayjoe #worldwide #recordlabel #hiphop‚Ä¶ https://www.instagram.com/p/B-xSrmBjwBA/?igshid=mljsfv86ko77,joelmylesjr,Thursday,14,,2020-04-09 14:20:00,
184,2020-04-09 22:15:21-04:00,A socially distant outing. Felt like a vacation @Prospect Park https://www.instagram.com/p/B-yIE5jB22z/?igshid=1rtx6prtoirfl,ItsMeChristiane,Thursday,22,,2020-04-09 22:05:00,
185,2020-04-10 08:15:25-04:00,Sending good wishes from your old neighborhood. ,dmandl,Friday,8,,2020-04-10 08:05:00,
186,2020-04-10 09:15:29-04:00, ‚Äì at Prospect Park,_peggyli,Friday,9,,2020-04-10 09:05:00,
187,2020-04-10 11:00:38-04:00,Large #NotesFromOurPandemic popping up in @prospect_park in #Brooklyn. ‚Äì at Prospect Park,OurPandemicNote,Friday,11,,2020-04-10 10:50:00,
188,2020-04-10 15:04:24-04:00,"‚ÄúCats and Dog Cloz‚Äù Our quarantined entrepreneur has opened another shop... Swipe for her first customer, Oliver Sunflower, in our laundry pile. . . . . . #quarantine #thisissix #catsofinstagram #covid #nyc‚Ä¶ https://www.instagram.com/p/B-z7jjNHYSb/?igshid=1l9k7muhzyel5",ZiaPriven,Friday,15,,2020-04-10 14:50:00,
189,2020-04-10 15:50:36-04:00,Birdwatching in Prospect Park. #yesimwearingit @Boathouse on the Lullwater of the Lake in Prospect Park https://www.instagram.com/p/B-0A16hB9-p/?igshid=10gnf2glwn71j,asheresque,Friday,15,,2020-04-10 15:50:00,
190,2020-04-10 17:15:04-04:00,Freedom! @Prospect Park https://www.instagram.com/p/B-0Jwo2BVQV/?igshid=dp73c8l7up8n,scottpiro,Friday,17,,2020-04-10 17:05:00,
191,2020-04-10 18:09:21-04:00,"In this case, three feet are enough (distance doubles in the mirror)",Helobiae,Friday,18,,2020-04-10 18:05:00,
192,2020-04-10 18:53:42-04:00, @Prospect Park https://www.instagram.com/p/B-0Vy1whbyh/?igshid=163r5ijkp3qgq,scottpiro,Friday,18,,2020-04-10 18:50:00,
193,2020-04-10 18:54:15-04:00,Just posted a photo @Prospect Park https://www.instagram.com/p/B-0V3KNhmF-/?igshid=103kzr5qy9vqx,scottpiro,Friday,18,,2020-04-10 18:50:00,
194,2020-04-10 18:55:04-04:00,Social distancing with a #goose @Prospect Park https://www.instagram.com/p/B-0V8_KBPYm/?igshid=oykfiw9c3mcz,scottpiro,Friday,18,,2020-04-10 18:50:00,
195,2020-04-10 18:56:38-04:00, @Prospect Park https://www.instagram.com/p/B-0WIfqhmlK/?igshid=1e1vs6hlmh1uv,scottpiro,Friday,18,,2020-04-10 18:50:00,
196,2020-04-10 18:56:51-04:00,Just posted a photo @Prospect Park https://www.instagram.com/p/B-0WKP0Bqf_/?igshid=1ff4uzehl5hbq,scottpiro,Friday,18,,2020-04-10 18:50:00,
197,2020-04-10 18:57:43-04:00,#KeepThisFarApart @Prospect Park https://www.instagram.com/p/B-0WP-_hMQW/?igshid=bcky130zbwht,scottpiro,Friday,18,,2020-04-10 18:50:00,
198,2020-04-10 18:59:14-04:00,Kiddush @The Nethermead https://www.instagram.com/p/B-0Wbb2BFwN/?igshid=yxmml9k1kfvy,scottpiro,Friday,18,,2020-04-10 18:50:00,
199,2020-04-10 19:47:58-04:00, @Prospect Park https://www.instagram.com/p/B-0cAjNHus8/?igshid=19i7ldsaqpgxe,4chrissimon,Friday,19,,2020-04-10 19:35:00,
200,2020-04-10 22:24:45-04:00,right @elonmusk? ‚Äì at Prospect Park (Lookout Hill),tesla_hot,Friday,22,,2020-04-10 22:20:00,
201,2020-04-11 12:44:39-04:00,Stumbled across the McConnell Family Picnic. ‚Äì at Prospect Park,MFBarna,Saturday,12,,2020-04-11 12:35:00,
202,2020-04-11 14:23:11-04:00,"hi, i am now an amateur birder. ‚Äì at Prospect Park",hollice,Saturday,14,,2020-04-11 14:20:00,
203,2020-04-11 16:57:01-04:00,Lifting reading material from the slope. Love these free-books-on-the-stairs giveaways,urbanizaditico,Saturday,16,,2020-04-11 16:50:00,
204,2020-04-11 18:06:28-04:00,"If a turtle is told to quarantine at home, does it just go inside it's shell? @Prospect Park https://www.instagram.com/p/B-21L5shJk3/?igshid=1bx9mbs0fused",FitzsPhotos,Saturday,18,,2020-04-11 18:05:00,
205,2020-04-11 18:16:45-04:00,"After days of playing Animal Crossing, walking behind this cute bear-person did not phase me @Prospect Park https://www.instagram.com/p/B-22XSrj8H6/?igshid=uvxkxlp28b8o",TheRoadSouthern,Saturday,18,0.0,2020-04-11 18:05:00,1.0
206,2020-04-11 19:52:41-04:00,I needed a cigar break. @Prospect Park https://www.instagram.com/p/B-3BVwMJGgn/?igshid=11o5llla8ytdk,Vharris01,Saturday,19,,2020-04-11 19:50:00,
207,2020-04-11 20:22:32-04:00,Fixed these signs. ‚Äì at Prospect Park Loop,ThomasHynes,Saturday,20,,2020-04-11 20:20:00,
208,2020-04-11 21:03:01-04:00,Perfect running weather today Summer 2021 body loading ‚Äì at Prospect Park,doubleo8s,Saturday,21,,2020-04-11 20:50:00,
209,2020-04-12 01:35:22-04:00,Just posted a photo @Prospect Park https://www.instagram.com/p/B-3oj4spgec/?igshid=1tgps7dhxa643,brooklynkid1951,Sunday,1,,2020-04-12 01:35:00,
210,2020-04-12 10:00:50-04:00,Haven‚Äôt seen @NYCParks break up a single gathering of people but they did just tell me to leash my dog alone on an open field at 930. ‚Äì at Prospect Park,AnsorgeNYC,Sunday,10,0.0,2020-04-12 09:50:00,1.0
211,2020-04-12 11:04:59-04:00,"#HappyEaster! . from the beautiful non-binary Good Wine Bunny (who, as you can see is successfully #sociallydistancing yet‚Äôs still very much #inthemix (&amp; with a #facemask ) ...#wecandothis #together #safelyapart ;#original #wallart by @rabbipainter) #wedeliver or #pickup",GoodWineNYC,Sunday,11,,2020-04-12 10:50:00,
212,2020-04-12 16:26:13-04:00,Happy Easter,cheesyearthgirl,Sunday,16,,2020-04-12 16:20:00,
213,2020-04-12 18:02:08-04:00, There are worse things than staring at the water on a Sunday ‚Äì at Prospect Park,JeremyWest,Sunday,18,,2020-04-12 17:50:00,
214,2020-04-12 19:06:12-04:00,Hola ‚Äì at Prospect Park Boathouse &amp; Audubon Center,WilsonC18932725,Sunday,19,,2020-04-12 19:05:00,
215,2020-04-12 19:45:47-04:00,"Easter looks a bit different this year, but I had my first trip to wegmans with @hikemernandez and spent the afternoon with our favorite outside at Prospect Park. Between face masks and #socialdistancing it can‚Ä¶ https://www.instagram.com/p/B-5lWSJFzig/?igshid=yfapq3xettrr",malward314,Sunday,19,,2020-04-12 19:35:00,
216,2020-04-12 23:39:04-04:00,EL OH EL. I HAD TO MAKE A NEW TWITTER THE DAY I CROSSED CAUSE I WAS ON LINE SO LONG IT PERMANENTLY DEACTIVATED .. Happy Divaversary to me & mine Do you remember when you joined Twitter? I do! #MyTwitterAnniversary,_mayamiaa,Sunday,23,,2020-04-12 23:35:00,
217,2020-04-13 07:06:51-04:00,#TFW you run in the park and see only one other person. ‚Äì at Prospect Park Loop,robsmy,Monday,7,1.0,2020-04-13 07:05:00,0.0
218,2020-04-13 12:07:26-04:00,During unprecedented times; there are still shining nursing moments like this: To the OR Deployment Team; Med/Surg thanks & appreciate you #AndreRodriquez #OurCOO #MedSurgRockingThruItAll @NYPBrooklyn @ErnestoPMir,AishaD_Miller,Monday,12,,2020-04-13 12:05:00,
219,2020-04-13 14:17:13-04:00,Just posted a photo @Park Slope Historic District https://www.instagram.com/p/B-7kitBAfW4/?igshid=1xm2ynsewcno3,DonMcKenzie,Monday,14,,2020-04-13 14:05:00,
220,2020-04-13 20:17:00-04:00,#twilight #tulip #wabisabi #hyacinths @Park Slope Historic District https://www.instagram.com/p/B-8Nt0mFhQC/?igshid=14tdxf6zsp371,LostMagicFound,Monday,20,,2020-04-13 20:05:00,
221,2020-04-13 20:56:42-04:00,Prospect Park coming through ‚Äì at Prospect Park,doubleo8s,Monday,20,,2020-04-13 20:50:00,
222,2020-04-13 23:18:30-04:00,I think this is a shortcut should I take it? #brooklyn #prospectpark @Prospect Park https://www.instagram.com/p/B-8ifGdARkr/?igshid=1t7e4lyx7wxx0,mrseanpatton,Monday,23,,2020-04-13 23:05:00,
223,2020-04-14 00:13:47-04:00,"Mi vieja ten√≠a unos ahorros y yo quer√≠a comprar acciones como hago ac√°, pero yo pensaba alguna forma de que ella me env√≠e el dinero y comprar ac√°‚Ä¶ no sab√≠a que se pod√≠a comprar desde Argentina! Que sitio/web recomendas para comprar?",jiserra,Tuesday,0,,2020-04-14 00:05:00,
224,2020-04-14 00:29:45-04:00,"Voy a averiguar con esos, merci!",jiserra,Tuesday,0,,2020-04-14 00:20:00,
225,2020-04-14 09:36:34-04:00, #morningcommute #brooklyn #nyc @Park Slope Historic District https://www.instagram.com/p/B-9pN4fg3NA/?igshid=njgnh8utbeoj,Cooljonskie,Tuesday,9,,2020-04-14 09:35:00,
226,2020-04-14 13:27:09-04:00,"What day of the quarantine is it? I‚Äôve been counting from 3/11 (when WHO officially called it a global pandemic) so this is day 34, but what day is it for you guys?",BlackJohnRoss,Tuesday,13,,2020-04-14 13:20:00,
227,2020-04-14 15:30:47-04:00,daily julius ‚Äì at Prospect Park,harharbinks,Tuesday,15,,2020-04-14 15:20:00,
228,2020-04-14 16:56:56-04:00,@rogie Hey Rogie! What app do you use to show your keystrokes on your streams? Looks super nice. Thanks a lot!,jiserra,Tuesday,16,,2020-04-14 16:50:00,
229,2020-04-14 18:37:30-04:00,Just got out of the house for the first time in four days and was heartened to see this.,dmandl,Tuesday,18,,2020-04-14 18:35:00,
230,2020-04-14 19:24:04-04:00,A little late day sun. @Prospect Park https://www.instagram.com/p/B--sc-pgrbC/?igshid=1vzqv9bzmeic0,vermilionink,Tuesday,19,,2020-04-14 19:20:00,
